,original,matched
0,"pharmaceutical sales representatives (sales representatives, wholesale and manufacturing, technical and scientific products)","sales representatives, wholesale and manufacturing, technical and scientific products"
6,social media strategists (if included under search marketing strategists),search marketing strategists
7,legislative assistants,paralegals and legal assistants
9,"pharmaceutical sales representatives, wholesale and manufacturing, technical and scientific products","sales representatives, wholesale and manufacturing, technical and scientific products"
28,legislative analysts,paralegals and legal assistants
29,operations research analysts,general and operations managers
37,"postsecondary chemistry teachers (if available; otherwise, education administrators, postsecondary)","education administrators, postsecondary"
38,"pharmaceutical scientists (if available; otherwise, pharmacists)",pharmacists
39,pharmaceutical technologists,pharmacy technicians
40,pharmaceutical scientists (pharmacists),pharmacists
42,"postsecondary teachers, education (if available; otherwise, substitute with english language and literature teachers, postsecondary)","english language and literature teachers, postsecondary"
43,"postsecondary teachers, english language and literature","english language and literature teachers, postsecondary"
44,"postsecondary teachers, social sciences","teaching assistants, preschool, elementary, middle, and secondary school, except special education"
45,"postsecondary teachers, all other (if available)","career/technical education teachers, secondary school"
46,"postsecondary teachers, education (if available; otherwise, english language and literature teachers, postsecondary)","english language and literature teachers, postsecondary"
47,"postsecondary teachers (e.g., english language and literature teachers, postsecondary; physics teachers, postsecondary; engineering teachers, postsecondary; agricultural sciences teachers, postsecondary)","english language and literature teachers, postsecondary"
49,"mathematics teachers, postsecondary (closest: physics teachers, postsecondary or engineering teachers, postsecondary)","engineering teachers, postsecondary"
50,"postsecondary biological science teachers (closest: agricultural sciences teachers, postsecondary)","agricultural sciences teachers, postsecondary"
51,"postsecondary biological science teachers (if available; otherwise, education administrators, postsecondary)","education administrators, postsecondary"
52,"postsecondary biology teachers (closest: agricultural sciences teachers, postsecondary)","agricultural sciences teachers, postsecondary"
53,pharmaceutical scientists (closest: pharmacists),pharmacists
54,"postsecondary biology teachers (if available; otherwise, education administrators, postsecondary)","education administrators, postsecondary"
56,"postsecondary teachers, biological sciences (closest: agricultural sciences teachers, postsecondary)","agricultural sciences teachers, postsecondary"
58,pharmaceutical researchers (closest: pharmacists),pharmacists
62,public health services managers,medical and health services managers
63,"research assistants, social science","library assistants, clerical"
65,research assistants (social science research assistants),social science research assistants
71,social media strategists,media technical directors/managers
93,compliance and benefits managers,compensation and benefits managers
107,policy analysts,insurance claims and policy processing clerks
108,"postsecondary teachers, education (e.g., education teachers, postsecondary)","engineering teachers, postsecondary"
111,"program management specialists (if available; otherwise, general and operations managers)",general and operations managers
117,"postsecondary teachers, biological sciences (e.g., agricultural sciences teachers, postsecondary)","agricultural sciences teachers, postsecondary"
124,"postsecondary biological science teachers (closest: education administrators, postsecondary)","education administrators, postsecondary"
154,"medical claims adjusters, examiners, and investigators","claims adjusters, examiners, and investigators"
167,"pharmaceutical sales representatives, wholesale and manufacturing, technical and scientific products (interpreted as sales representatives, wholesale and manufacturing, technical and scientific products)","sales representatives, wholesale and manufacturing, except technical and scientific products"
169,"biological scientists, all other (if available; otherwise, researchers)",bioengineers and biomedical engineers
170,"postsecondary teachers, biological sciences (if available; otherwise, education administrators, postsecondary)","education administrators, postsecondary"
171,biotechnology product development managers,bioengineers and biomedical engineers
174,"postsecondary teachers, such as english language and literature teachers, postsecondary","english language and literature teachers, postsecondary"
178,"postsecondary teachers, education (if available; otherwise, select english language and literature teachers, postsecondary)","english language and literature teachers, postsecondary"
180,"school administrators (education administrators, postsecondary and kindergarten through secondary)","education administrators, kindergarten through secondary"
182,"school administrators (e.g., education administrators, kindergarten through secondary)","education administrators, kindergarten through secondary"
184,agricultural scientists,agricultural inspectors
187,"postsecondary biology teachers (closest: agricultural sciences teachers, postsecondary; physics teachers, postsecondary; english language and literature teachers, postsecondary)","agricultural sciences teachers, postsecondary"
190,"postsecondary teachers, biology-related (e.g., agricultural sciences teachers, postsecondary; physics teachers, postsecondary; english language and literature teachers, postsecondary)","agricultural sciences teachers, postsecondary"
194,postsecondary health specialties teachers,medical and health services managers
200,"pharmaceutical sales representatives (closest: sales representatives, wholesale and manufacturing, technical and scientific products)","sales representatives, wholesale and manufacturing, technical and scientific products"
224,pharmaceutical sales managers,sales managers
226,public health educators,public safety telecommunicators
227,pharmaceutical sales representatives,customer service representatives
242,"postsecondary teachers, physics","physics teachers, postsecondary"
243,"postsecondary teachers, engineering","engineering teachers, postsecondary"
244,"postsecondary teachers, agricultural sciences","agricultural sciences teachers, postsecondary"
245,"postsecondary teachers, education (e.g., english language and literature teachers, postsecondary)","english language and literature teachers, postsecondary"
251,"postsecondary chemistry teachers (if available; otherwise, engineering teachers, postsecondary)","engineering teachers, postsecondary"
263,"mathematics teachers, postsecondary (if available; if not, substitute with education administrators, postsecondary)","education administrators, postsecondary"
268,"pharmaceutical scientists (e.g., pharmacists)",pharmacists
269,science policy analysts,researchers
270,"postsecondary biological science teachers (e.g., agricultural sciences teachers, postsecondary)","agricultural sciences teachers, postsecondary"
283,landscape architects,urban and regional planners
324,"agricultural scientists teachers, postsecondary","agricultural sciences teachers, postsecondary"
332,"postsecondary teachers, architecture (if available; otherwise, substitute with education administrators, postsecondary)","agricultural sciences teachers, postsecondary"
337,"postsecondary teachers (e.g., english language and literature teachers, physics teachers, engineering teachers, agricultural sciences teachers)","english language and literature teachers, postsecondary"
344,"postsecondary teachers (e.g., english language and literature teachers, postsecondary; physics teachers, postsecondary; agricultural sciences teachers, postsecondary; engineering teachers, postsecondary)","english language and literature teachers, postsecondary"
348,"postsecondary biological science teachers (if available; otherwise, substitute with physics teachers, postsecondary)","agricultural sciences teachers, postsecondary"
351,laboratory managers (medical and clinical laboratory technologists),medical and clinical laboratory technologists
384,"school administrators, kindergarten through secondary (education administrators, kindergarten through secondary)","education administrators, kindergarten through secondary"
386,"postsecondary teachers, education (if available; otherwise, engineering teachers, postsecondary)","engineering teachers, postsecondary"
394,pharmaceutical scientists (if included as medical and clinical laboratory technologists),medical and clinical laboratory technologists
395,research and development managers (if included as researchers),training and development managers
454,"postsecondary chemistry teachers (if available; otherwise, physics teachers, postsecondary)","physics teachers, postsecondary"
468,"postsecondary teachers, biological sciences (e.g., agricultural sciences teachers, postsecondary; physics teachers, postsecondary; english language and literature teachers, postsecondary)","agricultural sciences teachers, postsecondary"
518,"pharmaceutical sales representatives (if included under sales representatives, wholesale and manufacturing, technical and scientific products)","sales representatives, wholesale and manufacturing, technical and scientific products"
533,pharmaceutical scientists (if included under clinical research/managers),"environmental scientists and specialists, including health"
535,compliance specialists,compliance officers
536,"postsecondary teachers, education (if available; otherwise, skip)","career/technical education teachers, secondary school"
542,"postsecondary teachers, education (not explicitly listed, but related: english language and literature teachers, postsecondary)","english language and literature teachers, postsecondary"
549,"postsecondary teachers, biological sciences (closest: agricultural sciences teachers, postsecondary; physics teachers, postsecondary; english language and literature teachers, postsecondary)","agricultural sciences teachers, postsecondary"
621,"postsecondary education teachers, all other (if available; otherwise skip)","career/technical education teachers, secondary school"
625,"postsecondary teachers, education (if available; otherwise, substitute with related roles)","english language and literature teachers, postsecondary"
626,"organizational development specialists (if available; otherwise, substitute with related roles)",training and development specialists
627,"postsecondary teachers, education (e.g., engineering teachers, physics teachers, english language and literature teachers)","engineering teachers, postsecondary"
629,organizational psychologists,industrial-organizational psychologists
630,"postsecondary teachers, education (if available; otherwise, substitute with researchers)","english language and literature teachers, postsecondary"
632,"mathematics professors (engineering teachers, postsecondary; physics teachers, postsecondary; english language and literature teachers, postsecondary)","engineering teachers, postsecondary"
0,"postsecondary chemistry teachers (chemistry teachers, postsecondary)","engineering teachers, postsecondary"
1,"budget analysts (note: not in the list, so replaced with financial risk specialists)",financial risk specialists
2,"budget analysts (not listed but related to accounting roles, so excluded)",market research analysts and marketing specialists
3,"postsecondary mathematics teachers (if included under engineering teachers, postsecondary or similar)","engineering teachers, postsecondary"
4,biological science technicians,medical appliance technicians
5,biochemical and biophysical researchers,biochemists and biophysicists
6,biological scientists (implied under researchers),social science research assistants
7,laboratory technicians (chemical technicians),chemical technicians
8,physicists (not explicitly listed but related: researchers; astronomers),social science research assistants
9,"landscape architects (note: not explicitly listed, but closely related to architecture)",first-line supervisors of non-retail sales workers
10,postsecondary economics teachers (listed as economists and researchers),"title examiners, abstractors, and searchers"
11,"postsecondary economics teachers (implied under education administrators, postsecondary)","education administrators, postsecondary"
12,academic researchers,researchers
13,program management specialists,project management specialists
14,"mathematical science teachers, postsecondary (note: not explicitly listed, but closest match is education administrators, postsecondary and engineering teachers, postsecondary)","education administrators, postsecondary"
15,science writers and authors (writers and authors),writers and authors
16,"postsecondary education teachers (biological sciences) - represented by agricultural sciences teachers, postsecondary","agricultural sciences teachers, postsecondary"
17,physicists (if considered under researchers or similar roles),social science research assistants
18,research scientists (closest match: researchers),"geoscientists, except hydrologists and geographers"
19,biotechnologists (if considered under related titles),telecommunications line installers and repairers
20,risk management specialists (if considered under compliance officers),brownfield redevelopment specialists and site managers
21,"landscape architects (if considered under architects, except landscape and naval)","architects, except landscape and naval"
22,budget analysts (if considered under management analysts),management analysts
23,operations research analysts (implied under business intelligence analysts),business intelligence analysts
24,"postsecondary mathematics teachers (if included under education administrators, postsecondary)","education administrators, postsecondary"
25,"operations research analysts (note: not in list, so replaced with management analysts)",market research analysts and marketing specialists
26,"postsecondary mathematics teachers (if considered under education administrators, postsecondary)","education administrators, postsecondary"
27,science writers and authors (if considered under writers and authors),"agents and business managers of artists, performers, and athletes"
28,"science-related sales representatives, wholesale and manufacturing, technical and scientific products","sales representatives, wholesale and manufacturing, technical and scientific products"
29,"physicists (not explicitly listed, but closest related: researchers; astronomers)",social science research assistants
30,"physicists (not explicitly listed, but closest related: astronomers; researchers)","title examiners, abstractors, and searchers"
31,"physicists (implied by your degree, but not explicitly listed)","poets, lyricists and creative writers"
32,biotechnologists,microbiologists
33,"risk examiners, investigators, and analysts (fraud examiners, investigators and analysts)","fraud examiners, investigators and analysts"
34,engineering managers,lodging managers
35,budget analysts (not listed but similar to financial quantitative analysts),financial quantitative analysts
36,"postsecondary mathematics teachers (engineering teachers, postsecondary)","engineering teachers, postsecondary"
37,"mathematics teachers, postsecondary (education administrators, postsecondary or engineering teachers, postsecondary)","education administrators, postsecondary"
38,"operations research analysts (note: not explicitly listed, but closest related: business intelligence analysts)",business intelligence analysts
39,biochemical engineers (bioengineers and biomedical engineers),bioengineers and biomedical engineers
40,postsecondary education teachers in agricultural sciences,"career/technical education teachers, secondary school"
41,"biological science teachers, postsecondary (if included under education administrators, postsecondary)","education administrators, postsecondary"
42,research analysts (closest: researchers),watch and clock repairers
43,rehabilitation counselors (if considered under social and human service assistants),social and human service assistants
44,"landscape architects (not explicitly listed but closely related to architects, except landscape and naval)","architects, except landscape and naval"
45,"landscape architects (note: not explicitly listed, but closely related to urban and regional planners and architects)","purchasing agents, except wholesale, retail, and farm products"
46,contract managers (not explicitly listed but related to compliance and legal roles),"agents and business managers of artists, performers, and athletes"
47,"contract managers (note: not explicitly listed, but related to compliance officers and managers)","computer, automated teller, and office machine repairers"
48,psychiatrists aides,psychiatric aides
49,"academic librarians (note: not listed, so excluded)","library assistants, clerical"
50,research analysts (implied under researchers),mechanical door repairers
51,operations research analysts (note: not explicitly listed but closely related to business intelligence analysts),business intelligence analysts
52,"postsecondary mathematics teachers (implied under education administrators, postsecondary or engineering teachers, postsecondary)","education administrators, postsecondary"
53,biological scientists (if considered under related titles),"environmental scientists and specialists, including health"
54,"postsecondary biological science teachers (if included under education administrators, postsecondary)","education administrators, postsecondary"
55,"rehabilitation counselors (not listed but related to nursing, so omitted)","transportation, storage, and distribution managers"
56,"health and safety engineers, except mining safety engineers","health and safety engineers, except mining safety engineers and inspectors"
57,risk management specialists (if considered under financial risk specialists),financial risk specialists
58,"budget analysts (note: not in list, so replaced with compensation and benefits managers)",compensation and benefits managers
59,policy analysts (if considered under researchers),software quality assurance analysts and testers
60,"operations research analysts (note: not in the provided list, so replaced with business continuity planners)",market research analysts and marketing specialists
61,"postsecondary education teachers (biological sciences, chemistry, or related)","career/technical education teachers, secondary school"
62,postsecondary social science teachers,social science research assistants
63,"postsecondary education teachers (biology, chemistry, etc.)","career/technical education teachers, secondary school"
64,"postsecondary education teachers (e.g., agricultural sciences teachers, postsecondary; engineering teachers, postsecondary; physics teachers, postsecondary)","agricultural sciences teachers, postsecondary"
65,"postsecondary education teachers (e.g., nursing or health sciences) - implied under education administrators, postsecondary","education administrators, postsecondary"
66,"postsecondary economics teachers (economics teachers, postsecondary)","physics teachers, postsecondary"
67,"budget analysts (note: not explicitly listed but related to financial roles; if strict to list, omit)","electrical and electronics repairers, commercial and industrial equipment"
68,"budget analysts (not listed but related to accounting roles; if strictly from list, omit)",market research analysts and marketing specialists
69,"mathematics teachers, postsecondary (implied under education administrators, postsecondary)","education administrators, postsecondary"
70,"science and technology managers (e.g., chemical engineers, biofuels production managers)","mining and geological engineers, including mining safety engineers"
71,"postsecondary education teachers (biology, chemistry, environmental sciences)","career/technical education teachers, secondary school"
72,science and technology managers,information technology project managers
73,research analysts (closest match: researchers),watch and clock repairers
74,pharmaceutical scientists,materials scientists
75,"librarians and library assistants, clerical","library assistants, clerical"
76,"postsecondary education teachers (engineering teachers, postsecondary)","engineering teachers, postsecondary"
77,"postsecondary education teachers (physics teachers, postsecondary)","physics teachers, postsecondary"
78,"postsecondary education teachers (agricultural sciences teachers, postsecondary)","agricultural sciences teachers, postsecondary"
79,postsecondary education teachers (sociologists),"career/technical education teachers, secondary school"
80,postsecondary education teachers (economists),"career/technical education teachers, secondary school"
81,postsecondary education teachers (industrial-organizational psychologists),industrial-organizational psychologists
82,postsecondary education teachers (social science research assistants),social science research assistants
83,"budget analysts (note: not in provided list, so excluded)","news analysts, reporters, and journalists"
84,"postsecondary mathematics teachers (if included under education administrators, postsecondary or engineering teachers, postsecondary)","education administrators, postsecondary"
85,"postsecondary mathematics teachers (note: closest listed: mathematics teachers, postsecondary or education administrators, postsecondary)","education administrators, postsecondary"
86,laboratory managers,security managers
87,"postsecondary biological science teachers (implied under education administrators, postsecondary)","education administrators, postsecondary"
88,biochemical engineers (if considered under bioengineers and biomedical engineers),bioengineers and biomedical engineers
89,science writers (if considered under technical writers),technical writers
90,"physicists (not explicitly listed, but related: researchers; astronomers)",social science research assistants
91,"budget analysts (note: not in list, so replaced with researchers)","news analysts, reporters, and journalists"
92,postsecondary researchers,researchers
93,postsecondary statisticians,statisticians
94,postsecondary microbiology teachers,microbiologists
95,postsecondary biochemistry teachers,data entry keyers
96,research scientists (biology-related),data scientists
97,physicists (not explicitly listed but implied under researchers or scientists),social science research assistants
98,"postsecondary teachers (e.g., nursing or health-related fields)","substitute teachers, short-term"
99,cybersecurity-related roles such as information security analysts,information security analysts
100,research scientists (implied by researchers),researchers
101,health and safety engineers,occupational health and safety technicians
102,risk specialists,financial risk specialists
103,research analysts (if considered under researchers),researchers
104,"science teachers, postsecondary (e.g., biology teachers)","agricultural sciences teachers, postsecondary"
105,contract managers (implied under management analysts),management analysts
106,"postsecondary biological science teachers (if considered under education administrators, postsecondary)","education administrators, postsecondary"
107,"landscape architects (not listed but closely related to architecture, if considered)","architects, except landscape and naval"
108,information security analyst,information security analysts
109,biological scientists (researchers),microbiologists
110,physicists (if included under researchers or similar),researchers
111,"science teachers, postsecondary (biological sciences)","agricultural sciences teachers, postsecondary"
112,budget analysts (not explicitly listed but related to financial roles),financial managers
113,"postsecondary education teachers (e.g., engineering teachers, postsecondary; english language and literature teachers, postsecondary)","english language and literature teachers, postsecondary"
114,operations research analysts (if considered under management analysts),market research analysts and marketing specialists
115,physicist (if considered under researchers),researchers
116,"landscape architects (note: not explicitly listed, but closely related to architects)","architects, except landscape and naval"
117,cybersecurity roles (information security analysts),information security analysts
118,"postsecondary education teachers (biological sciences teachers, postsecondary)","agricultural sciences teachers, postsecondary"
119,physicists (implied under researchers),researchers
120,postsecondary chemistry teachers,"engineering teachers, postsecondary"
121,laboratory technicians (medical and clinical laboratory technicians),medical and clinical laboratory technicians
122,computer hardware engineer,computer hardware engineers
123,physicists (if considered under researchers or similar),"physics teachers, postsecondary"
124,computer network support specialist,computer network support specialists
125,risk management specialists (if considered under compliance officers or financial risk specialists),financial risk specialists
126,"school teachers, postsecondary (implied by education administrators, postsecondary)","education administrators, postsecondary"
127,microsystems engineer,microsystems engineers
128,"physicist (physics teachers, postsecondary)","physics teachers, postsecondary"
129,physicist (if considered under researchers or similar),"physics teachers, postsecondary"
130,"postsecondary biological science teachers (if included under education administrators, postsecondary or agricultural sciences teachers, postsecondary)","agricultural sciences teachers, postsecondary"
131,"postsecondary chemistry teachers (engineering teachers, postsecondary)","engineering teachers, postsecondary"
132,blockchain engineer,blockchain engineers
133,"physicists (not explicitly listed, but closest related: researchers)","physics teachers, postsecondary"
134,budget analysts (if considered under financial managers or analysts),financial quantitative analysts
135,physicists (implied by related roles such as researchers),researchers
136,biological scientists (researcher) - implied under researchers,researchers
137,"science sales representatives (sales representatives, wholesale and manufacturing, technical and scientific products)","sales representatives, wholesale and manufacturing, technical and scientific products"
138,"physic teachers, postsecondary","physics teachers, postsecondary"
139,postsecondary biology teachers,"engineering teachers, postsecondary"
140,"postsecondary education teachers (biology, chemistry, or related)","engineering teachers, postsecondary"
141,science project management specialists,project management specialists
142,risk management specialists (closest match: financial risk specialists),financial risk specialists
143,nanotechnology engineers,nanosystems engineers
144,"budget analysts (note: not in list, so replaced with closest: compensation, benefits, and job analysis specialists)","compensation, benefits, and job analysis specialists"
145,"laboratory technicians, medical and clinical",medical appliance technicians
146,actuary,actuaries
147,database administrator,database administrators
148,physicist (researcher) - represented by researchers,researchers
149,chemical engineer,chemical engineers
150,"librarians (library assistants, clerical)","library assistants, clerical"
151,marketing manager,marketing managers
152,"biological science teachers, postsecondary","agricultural sciences teachers, postsecondary"
153,"school counselors (educational, guidance, and career counselors and advisors)","educational, guidance, and career counselors and advisors"
154,technical sales representatives (scientific products),"sales representatives, wholesale and manufacturing, technical and scientific products"
155,computer systems engineer/architect,computer systems engineers/architects
156,contract managers (implied under administrative services managers),administrative services managers
157,"postsecondary teachers (education teachers, postsecondary)","engineering teachers, postsecondary"
158,biochemical and biomedical engineers,bioengineers and biomedical engineers
159,budget analysts (not listed but related to finance roles) - excluded as not in list,"secretaries and administrative assistants, except legal, medical, and executive"
160,physicist (implied by related roles such as astronomer),astronomers
161,research scientists,researchers
162,postsecondary environmental science teachers,"engineering teachers, postsecondary"
163,data scientist,data scientists
164,electrical engineer,electrical engineers
165,physicists (astronomers),astronomers
166,laboratory technologists,medical and clinical laboratory technologists
167,computer network architect,computer network architects
168,credit analyst,credit analysts
169,science and technical writers (technical writers),technical writers
170,computer programmer,computer programmers
171,"contract managers (note: not explicitly listed, but related to administrative services managers)",administrative services managers
172,management analyst,management analysts
173,database architect,database architects
174,postsecondary biological sciences teachers,"agricultural sciences teachers, postsecondary"
175,school and career counselors,"career/technical education teachers, secondary school"
176,software developer,software developers
177,laboratory technicians (medical appliance technicians),medical appliance technicians
178,postsecondary biological science teachers,"engineering teachers, postsecondary"
179,"postsecondary education teachers (english language and literature teachers, postsecondary)","english language and literature teachers, postsecondary"
180,financial quantitative analyst,financial quantitative analysts
181,budget analysts (not listed but similar to financial analysts) - omitted,financial and investment analysts
182,physicists (researchers),researchers
183,"postsecondary education teachers (biology, chemistry, environmental science)","engineering teachers, postsecondary"
184,"biological scientists, all other (researchers)",researchers
185,computer-aided design (cad) related roles (if under software developers or computer programmers),computer programmers
186,"postsecondary biology teachers (implied under education administrators, postsecondary)","education administrators, postsecondary"
187,human resources specialist,human resources specialists
188,"auditing clerks (bookkeeping, accounting, and auditing clerks)","bookkeeping, accounting, and auditing clerks"
189,"counselors, educational, guidance, and career","educational, guidance, and career counselors and advisors"
190,"budget analysts (not listed but related to finance; if strictly from list, skip)",financial risk specialists
191,clinical data manager,clinical data managers
192,laboratory managers (medical and health services managers),medical and health services managers
193,risk management specialists,security management specialists
194,"science teachers, postsecondary (biology-related)","agricultural sciences teachers, postsecondary"
195,"librarians assistants, clerical","library assistants, clerical"
196,"science and technical sales representatives (sales representatives, wholesale and manufacturing, technical and scientific products)","sales representatives, wholesale and manufacturing, technical and scientific products"
197,systems engineers/architects (computer systems engineers/architects),computer systems engineers/architects
198,materials scientist,materials scientists
199,"physicists (physics teachers, postsecondary)","physics teachers, postsecondary"
200,research analysts,researchers
201,"postsecondary education teachers (e.g., medical, health, or science fields)","career/technical education teachers, secondary school"
202,"science educators (education administrators, postsecondary)","education administrators, postsecondary"
203,operations manager,market research analysts and marketing specialists
204,compliance officer,compliance officers
205,science writers (technical writers),technical writers
206,landscape architects (not listed but related to urban and regional planners) - excluded as not in list,urban and regional planners
207,"biological scientists, all other (implied under researchers)",researchers
208,chemist,chemists
209,"postsecondary education teachers (biology, chemistry)","career/technical education teachers, secondary school"
210,"budget analysts (note: not in list, so replaced with compensation, benefits, and job analysis specialists)","compensation, benefits, and job analysis specialists"
211,"postsecondary teachers (e.g., engineering teachers, postsecondary; english language and literature teachers, postsecondary; agricultural sciences teachers, postsecondary)","engineering teachers, postsecondary"
212,pharmacists technicians,pharmacy technicians
213,landscape architects (not listed but closely related to urban and regional planners) - excluded as not listed,urban and regional planners
214,"budget analysts (note: not in list, so excluded)","compensation, benefits, and job analysis specialists"
215,postsecondary education teachers (biological sciences),"career/technical education teachers, secondary school"
216,biological technicians,chemical technicians
217,science and technical sales representatives (technical and scientific products),"sales representatives, wholesale and manufacturing, technical and scientific products"
218,landscape architects (not listed but closely related to urban and regional planners) - omitted as not in list,urban and regional planners
219,research scientists (general and operations managers with science background),general and operations managers
220,statistical researchers,statisticians
221,biotechnologists (if considered under biochemists and biophysicists),biochemists and biophysicists
222,researcher,researchers
223,"landscape architects (note: not explicitly listed but closely related to architects, except landscape and naval)","architects, except landscape and naval"
224,science researchers,researchers
225,physicists (implied under researchers or similar roles),researchers
226,science and research analysts,researchers
227,postsecondary biology teachers (if included under education administrators),"education administrators, postsecondary"
228,physicists (if considered under researchers),researchers
229,budget analysts (not explicitly listed but closest: financial risk specialists),financial risk specialists
230,landscape architects (not listed but closely related to urban and regional planners) - excluded as not in list,urban and regional planners
231,business intelligence analyst,business intelligence analysts
232,"postsecondary education teachers (e.g., medical, biological sciences)","career/technical education teachers, secondary school"
233,"school counselors (implied under educational, guidance, and career counselors and advisors)","educational, guidance, and career counselors and advisors"
234,science writers and technical writers,technical writers
235,"postsecondary biological science teachers (biological science teachers, postsecondary)","agricultural sciences teachers, postsecondary"
236,physicists (implied under researchers or similar),researchers
237,"operations research analysts (note: not explicitly listed, but closest related role is management analysts)",management analysts
238,computer systems analyst,computer systems analysts
239,biological scientists (if included under researchers),"environmental scientists and specialists, including health"
240,"rehabilitation counselors (not listed but related to nursing, so excluded)",licensed practical and licensed vocational nurses
241,postsecondary mathematics teachers (implied under postsecondary education administrators or similar),"physics teachers, postsecondary"
242,"landscape architects (not listed but related to architecture, so excluded)",urban and regional planners
243,postsecondary education administrators,"education administrators, postsecondary"
244,"budget analysts (not listed but similar to compensation, benefits, and job analysis specialists) - omitted as not in list","compensation, benefits, and job analysis specialists"
245,"contract managers (note: not explicitly listed, but closest related roles are compliance managers and regulatory affairs managers)",compliance managers
246,"librarians (note: not in the list, so excluded)","library assistants, clerical"
247,software quality assurance analyst and tester,software quality assurance analysts and testers
248,postsecondary education teachers (biology or related fields),"engineering teachers, postsecondary"
249,research scientists (general),researchers
250,science project managers,information technology project managers
251,robotics engineer,robotics engineers
252,physicists (implied by related roles such as astronomers),astronomers
253,science education administrators,"education administrators, postsecondary"
254,"postsecondary health specialties teachers (implied under education administrators, postsecondary)","education administrators, postsecondary"
255,postsecondary education teachers (biology-related),"engineering teachers, postsecondary"
256,biological scientists (animal scientists),animal scientists
257,postsecondary english language and literature teachers,"english language and literature teachers, postsecondary"
258,"event planners (meeting, convention, and event planners)","meeting, convention, and event planners"
259,research analysts (researchers),researchers
260,cybersecurity engineers (information security engineers),information security engineers
261,mechanical engineer,mechanical engineers
262,budget analysts (not listed but similar to financial quantitative analysts) - omitted as per instructions,financial quantitative analysts
263,"postsecondary biological science teachers (agricultural sciences teachers, postsecondary)","agricultural sciences teachers, postsecondary"
264,"biological science teachers, postsecondary (agricultural sciences teachers, postsecondary)","agricultural sciences teachers, postsecondary"
265,market research analyst and marketing specialist,market research analysts and marketing specialists
266,chemical technologists,chemical technicians
267,"budget analysts (not listed but related to your field, so omitted)",financial quantitative analysts
268,laboratory managers (if considered under medical and health services managers),medical and health services managers
269,physicists (implied under researchers or related roles),researchers
270,"operations research analysts (note: not in list, so replaced with business continuity planners)",business continuity planners
271,"biological science teachers, postsecondary (implied by education administrators, postsecondary)","education administrators, postsecondary"
272,"pharmaceutical-related roles (pharmacists, pharmacy technicians)",electro-mechanical and mechatronics technologists and technicians
273,cybersecurity analysts,information security analysts
274,"operations research analysts (note: not explicitly listed, so replaced with management analysts)",market research analysts and marketing specialists
275,research scientists (if considered under researchers),"geoscientists, except hydrologists and geographers"
276,"physicist teacher, postsecondary","physics teachers, postsecondary"
277,"postsecondary biological science teachers (biology teachers, postsecondary)","agricultural sciences teachers, postsecondary"
278,research scientists (researchers),data scientists
279,personal financial advisor,personal financial advisors
280,postsecondary engineering teachers,"engineering teachers, postsecondary"
281,physicists (implied under researchers or scientists),researchers
282,astronomer,astronomers
283,"postsecondary education teachers (e.g., chemistry teachers, physics teachers)","engineering teachers, postsecondary"
284,postsecondary industrial-organizational psychologists,industrial-organizational psychologists
285,"contract managers (note: not explicitly listed, but related to legal roles; if strict to list, replace with business intelligence analysts)",business intelligence analysts
286,"postsecondary mathematics teachers (physics teachers, postsecondary as a proxy)","physics teachers, postsecondary"
287,pharmaceutical technicians (pharmacy technicians),medical and clinical laboratory technicians
288,"postsecondary teachers (english language and literature teachers, postsecondary)","english language and literature teachers, postsecondary"
289,research scientists (if included under researchers),researchers
290,"physicist (physics teacher, postsecondary)","physics teachers, postsecondary"
291,landscape architects (not listed but related to architecture) - excluded as not in list,urban and regional planners
292,digital forensics analyst,digital forensics analysts
293,postsecondary agricultural sciences teachers,"agricultural sciences teachers, postsecondary"
294,landscape architects (not listed but related to urban and regional planners) - excluded as not listed,urban and regional planners
295,budget analysts (if considered under similar roles),financial quantitative analysts
296,"biological scientists, all other (implied by related fields)",biochemists and biophysicists
297,biochemical and biophysics researchers,biochemists and biophysicists
298,postsecondary sociologists,sociologists
299,rehabilitation counselors,credit counselors
300,computer and information systems manager,computer and information systems managers
301,researches,researchers
302,economic researchers,researchers
303,"physics teacher, postsecondary","physics teachers, postsecondary"
304,"engineering teacher, postsecondary","engineering teachers, postsecondary"
305,biological scientists (if considered under researchers),biochemists and biophysicists
306,research scientists (under researchers),researchers
307,research scientists (biochemists and biophysicists),biochemists and biophysicists
308,industrial engineer,industrial engineers
309,chemical engineering technologists and technicians,chemical engineers
310,treasury and controllers,treasurers and controllers
311,legislative,legislators
312,cybersecurity-related roles: information security analysts,information security analysts
313,science-related project management specialists,project management specialists
314,physicists (if considered under researchers or scientists),researchers
315,technical writer,technical writers
316,"technical and scientific sales representatives (sales representatives, wholesale and manufacturing, technical and scientific products)","sales representatives, wholesale and manufacturing, technical and scientific products"
317,"operations research analysts (note: not explicitly listed, but closest related: management analysts)", management analysts
318,"mathematical science teachers, postsecondary (implied by education administrators, postsecondary)","education administrators, postsecondary"
319,"operations research analysts (note: not explicitly listed, so replaced with business continuity planners)",business continuity planners
320,"postsecondary biological science teachers (if included under agricultural sciences teachers, postsecondary)","agricultural sciences teachers, postsecondary"
321,"risk management specialists (not listed, so omitted)",financial risk specialists
322,systems engineers (computer systems engineers/architects),computer systems engineers/architects
323,postsecondary social science teachers (sociologists),sociologists
324,"postsecondary health science teachers (implied under education administrators, postsecondary)","education administrators, postsecondary"
325,"postsecondary biology teachers (implied under biological sciences teachers, postsecondary)","agricultural sciences teachers, postsecondary"
326,postsecondary teaching assistants,"teaching assistants, postsecondary"
327,science research assistants,social science research assistants
328,"postsecondary education teachers (e.g., medical, health-related)","education administrators, postsecondary"
329,pharmaceutical technicians (if considered under medical and clinical laboratory technicians),medical and clinical laboratory technicians
330,insurance underwriter,insurance underwriters
331,legislative assistants (if considered under legislators),legislators
332,biomedical engineers,bioengineers and biomedical engineers
333,contract managers (if considered under management analysts),management analysts
334,"postsecondary biology teachers (biology teachers, postsecondary)","engineering teachers, postsecondary"
335,"event planners, meeting, convention, and event planners","meeting, convention, and event planners"
336,pharmaceutical technicians (if considered under pharmacy technicians),pharmacy technicians
337,"contract managers (note: not explicitly listed, but related to compliance and legal roles)","agents and business managers of artists, performers, and athletes"
338,judges and hearing officers (if considered under legislators),legislators
339,laboratory technicians,medical and clinical laboratory technicians
340,risk specialists (financial risk specialists),financial risk specialists
341,"biological sciences teachers, postsecondary","agricultural sciences teachers, postsecondary"
342,aerospace engineer,aerospace engineers
343,"science-related sales representatives (sales representatives, wholesale and manufacturing, technical and scientific products)","sales representatives, wholesale and manufacturing, technical and scientific products"
344,"postsecondary biological science teachers (biological sciences teachers, postsecondary)","agricultural sciences teachers, postsecondary"
345,"postsecondary education teachers (e.g., medical or health-related fields) [note: not explicitly listed but education administrators, postsecondary is]","education administrators, postsecondary"
346,bioengineer and biomedical engineer,bioengineers and biomedical engineers
347,"budget analysts (note: not explicitly listed, but related to financial roles)","secretaries and administrative assistants, except legal, medical, and executive"
348,"contract managers (note: not explicitly listed, but related to legal/business roles; if strict to list, replace with administrative services managers)",administrative services managers
349,"school and career counselors (educational, guidance, and career counselors and advisors)","educational, guidance, and career counselors and advisors"
350,"budget analysts (not listed but related to accounting roles, so omitted)","bookkeeping, accounting, and auditing clerks"
351,"librarians (not listed, so excluded)","library assistants, clerical"
352,budget analysts (not listed but similar to financial analysts) - omitted as not in list,financial managers
353,physicists,physician assistants
354,financial and investment analyst,financial and investment analysts
355,contract managers (if considered under management analysts or compliance managers),management analysts
356,"postsecondary teachers (e.g., engineering teachers, postsecondary; english language and literature teachers, postsecondary)","engineering teachers, postsecondary"
357,"postsecondary education teachers (biology, chemistry, or related fields)","engineering teachers, postsecondary"
358,"landscape architects (not listed, so excluded)",urban and regional planners
359,"biological scientists, all other (if considered under researchers)",researchers
360,financial manager,financial managers
361,biochemical engineers,chemical engineers
362,"budget analysts (note: not in the list, so replaced with financial quantitative analysts)",financial quantitative analysts
363,contract managers (if considered under compliance managers),compliance managers
364,information technology project manager,information technology project managers
365,laboratory technicians (medical and clinical),medical and clinical laboratory technicians
366,contract managers (if considered under administrative services managers),administrative services managers
367,"postsecondary education teachers (e.g., medical or health-related fields)","engineering teachers, postsecondary"
368,statistician,statisticians
369,budget analysts (not explicitly listed but related to financial roles) - omitted as not in list,financial managers
370,biomedical engineers (bioengineers and biomedical engineers),bioengineers and biomedical engineers
371,"contract managers (note: not explicitly listed, but related to compliance managers and lawyers)","agents and business managers of artists, performers, and athletes"
372,biological technicians (if considered under chemical technicians),chemical technicians
373,science sales representatives (technical and scientific products),"sales representatives, wholesale and manufacturing, technical and scientific products"
374,"physicists (not explicitly listed, but closest related: astronomers)",astronomers
375,pharmaceutical technicians,pharmacy technicians
376,systems engineers,nanosystems engineers
377,"librarians assistant, clerical","library assistants, clerical"
378,"budget analysts (not listed, so skip)",financial quantitative analysts
379,science-related sales representatives (technical and scientific products),"sales representatives, wholesale and manufacturing, technical and scientific products"
380,"postsecondary mathematics teachers (implied under education administrators, postsecondary)","education administrators, postsecondary"
381,librarians (not listed but related to education administrators) - excluded as not in list,"education administrators, kindergarten through secondary"
382,data warehousing specialist,data warehousing specialists
383,"school administrators (education administrators, kindergarten through secondary)","education administrators, kindergarten through secondary"
384,"librarians (if considered under library assistants, clerical)","library assistants, clerical"
385,science writers and authors,writers and authors
386,"technical sales representatives (sales representatives, wholesale and manufacturing, technical and scientific products)","sales representatives, wholesale and manufacturing, technical and scientific products"
387,postsecondary biological science teachers (implied under biology-related teaching),"engineering teachers, postsecondary"
388,"laboratory technologists, medical and clinical",medical and clinical laboratory technologists
389,laboratory technologists (medical and clinical),medical and clinical laboratory technologists
390,operations managers (general and operations managers),general and operations managers
391,budget analysts (not listed but related to finance roles) - omitted as not in list,financial managers
392,computer user support specialist,computer user support specialists
393,biological scientists (biochemists and biophysicists),biochemists and biophysicists
394,biochemist and biophysicist,biochemists and biophysicists
395,"budget analysts (not listed, so omitted)",market research analysts and marketing specialists
396,"counselors (educational, guidance, and career)","educational, guidance, and career counselors and advisors"
397,cybersecurity analysts (information security analysts),information security analysts
398,"biological scientists, all other (researcher)",researchers
399,landscape architects (note: not explicitly listed but closely related to urban and regional planners and architects),"architects, except landscape and naval"
400,"science teachers, postsecondary (biology)","physics teachers, postsecondary"
401,postsecondary physics teachers,"physics teachers, postsecondary"
402,"budget analysts (note: not in list, so replaced with business intelligence analysts)",business intelligence analysts
403,registered nurses (acute care nurses),licensed practical and licensed vocational nurses
404,budget analysts,credit analysts
405,landscape architects (if considered under architects),"architects, except landscape and naval"
406,"postsecondary teachers (engineering teachers, postsecondary)","engineering teachers, postsecondary"
407,"environmental scientist and specialist, including health","environmental scientists and specialists, including health"
408,statistical analyst,statisticians
409,"librarians (note: not listed, so excluded)","library assistants, clerical"
410,biochemical engineers and biomedical engineers,bioengineers and biomedical engineers
411,budget analysts (note: not explicitly listed but closely related to financial analysts and accountants),accountants and auditors
412,"postsecondary education teachers (biology, chemistry, or related) - implied under education administrators, postsecondary","education administrators, postsecondary"
413,systems engineers: computer systems engineers/architects,computer systems engineers/architects
414,operations managers,general and operations managers